post_title,ID,post_content,post_excerpt,post_date,post_name,post_author,post_status,featured_image,nextgen-gallery,post_format,comment_status,ping_status,inline_featured_image,post_category,post_tag
"Привет, мир!",1,"Добро пожаловать в WordPress. Это ваша первая запись. Отредактируйте или удалите её, затем пишите!",,2017-06-13 21:53:14,%d0%bf%d1%80%d0%b8%d0%b2%d0%b5%d1%82-%d0%bc%d0%b8%d1%80,1,publish,,,,1,open,,Без рубрики,
Черновик,3,,,2017-06-13 21:53:36,,1,auto-draft,,,,1,open,,,
Черновик,43,,,2017-06-14 20:01:00,,1,auto-draft,,,,1,open,0,,
Черновик,45,,,2017-06-14 20:02:15,,1,auto-draft,,,,1,open,0,,
Изображение для галереи,49,test,,2017-06-14 20:32:59,%d0%b8%d0%b7%d0%be%d0%b1%d1%80%d0%b0%d0%b6%d0%b5%d0%bd%d0%b8%d0%b5-%d0%b4%d0%bb%d1%8f-%d0%b3%d0%b0%d0%bb%d0%b5%d1%80%d0%b5%d0%b8,1,publish,http://landing.com/wp-content/uploads/2017/06/1-2.jpg,,,1,open,0,Галерея,
Изображение для галереи,51,,,2017-06-14 20:55:54,%d0%b8%d0%b7%d0%be%d0%b1%d1%80%d0%b0%d0%b6%d0%b5%d0%bd%d0%b8%d0%b5-%d0%b4%d0%bb%d1%8f-%d0%b3%d0%b0%d0%bb%d0%b5%d1%80%d0%b5%d0%b8-2,1,publish,http://landing.com/wp-content/uploads/2017/06/9.jpg,,,1,open,0,Галерея,
Изображение для галереи,53,,,2017-06-14 20:57:13,%d0%b8%d0%b7%d0%be%d0%b1%d1%80%d0%b0%d0%b6%d0%b5%d0%bd%d0%b8%d0%b5-%d0%b4%d0%bb%d1%8f-%d0%b3%d0%b0%d0%bb%d0%b5%d1%80%d0%b5%d0%b8-3,1,publish,http://landing.com/wp-content/uploads/2017/06/8.jpg,,,1,open,0,Галерея,
Изображение для галереи,55,,,2017-06-14 20:57:28,%d0%b8%d0%b7%d0%be%d0%b1%d1%80%d0%b0%d0%b6%d0%b5%d0%bd%d0%b8%d0%b5-%d0%b4%d0%bb%d1%8f-%d0%b3%d0%b0%d0%bb%d0%b5%d1%80%d0%b5%d0%b8-4,1,publish,http://landing.com/wp-content/uploads/2017/06/7.jpg,,,1,open,0,Галерея,
Изображение для галереи,57,,,2017-06-14 20:57:44,%d0%b8%d0%b7%d0%be%d0%b1%d1%80%d0%b0%d0%b6%d0%b5%d0%bd%d0%b8%d0%b5-%d0%b4%d0%bb%d1%8f-%d0%b3%d0%b0%d0%bb%d0%b5%d1%80%d0%b5%d0%b8-5,1,publish,http://landing.com/wp-content/uploads/2017/06/6.jpg,,,1,open,0,Галерея,
Изображение для галереи,59,,,2017-06-14 20:58:00,%d0%b8%d0%b7%d0%be%d0%b1%d1%80%d0%b0%d0%b6%d0%b5%d0%bd%d0%b8%d0%b5-%d0%b4%d0%bb%d1%8f-%d0%b3%d0%b0%d0%bb%d0%b5%d1%80%d0%b5%d0%b8-6,1,publish,http://landing.com/wp-content/uploads/2017/06/5.jpg,,,1,open,0,Галерея,
Изображение для галереи,61,,,2017-06-14 20:58:51,%d0%b8%d0%b7%d0%be%d0%b1%d1%80%d0%b0%d0%b6%d0%b5%d0%bd%d0%b8%d0%b5-%d0%b4%d0%bb%d1%8f-%d0%b3%d0%b0%d0%bb%d0%b5%d1%80%d0%b5%d0%b8-7,1,publish,http://landing.com/wp-content/uploads/2017/06/3.jpg,,,1,open,0,Галерея,
Изображение для галереи,63,,,2017-06-14 20:59:08,%d0%b8%d0%b7%d0%be%d0%b1%d1%80%d0%b0%d0%b6%d0%b5%d0%bd%d0%b8%d0%b5-%d0%b4%d0%bb%d1%8f-%d0%b3%d0%b0%d0%bb%d0%b5%d1%80%d0%b5%d0%b8-8,1,publish,http://landing.com/wp-content/uploads/2017/06/2.jpg,,,1,open,0,Галерея,
Изображение для галереи,65,,,2017-06-14 21:06:35,%d0%b8%d0%b7%d0%be%d0%b1%d1%80%d0%b0%d0%b6%d0%b5%d0%bd%d0%b8%d0%b5-%d0%b4%d0%bb%d1%8f-%d0%b3%d0%b0%d0%bb%d0%b5%d1%80%d0%b5%d0%b8-9,1,publish,http://landing.com/wp-content/uploads/2017/06/4.jpg,,,1,open,0,Галерея,
ANALYTICS,68,"Lorem ipsum dolor sit amet, consectetuer adipiscing elit. Aenean commodo ligula eget dolor. Aenean massa",,2017-06-14 21:18:16,analytics,1,publish,http://landing.com/wp-content/uploads/2017/06/layers.svg,,,1,open,0,Сервисы,
MARKETING,72,"Lorem ipsum dolor sit amet, consectetuer adipiscing elit. Aenean commodo ligula eget dolor. Aenean massa",,2017-06-14 21:27:37,marketing,1,publish,http://landing.com/wp-content/uploads/2017/06/settings.svg,,,1,open,0,Сервисы,
DESIGN,74,"Lorem ipsum dolor sit amet, consectetuer adipiscing elit. Aenean commodo ligula eget dolor. Aenean massa",,2017-06-14 21:28:55,design,1,publish,http://landing.com/wp-content/uploads/2017/06/code.svg,,,1,open,0,Сервисы,
Черновик,77,,,2017-06-14 21:30:44,,1,auto-draft,,,,1,open,0,,
PROGRAMMING,78,"Lorem ipsum dolor sit amet, consectetuer adipiscing elit. Aenean commodo ligula eget dolor. Aenean massa",,2017-06-14 21:31:33,programming,1,publish,http://landing.com/wp-content/uploads/2017/06/line-chart.svg,,,1,open,0,Сервисы,
SEO,83,"Lorem ipsum dolor sit amet, consectetuer adipiscing elit. Aenean commodo ligula eget dolor. Aenean massa",,2017-06-14 21:32:46,seo,1,publish,http://landing.com/wp-content/uploads/2017/06/monitor.svg,,,1,open,0,Сервисы,
SUPPORT,86,"Lorem ipsum dolor sit amet, consectetuer adipiscing elit. Aenean commodo ligula eget dolor. Aenean massa",,2017-06-14 21:33:26,support,1,publish,http://landing.com/wp-content/uploads/2017/06/support.svg,,,1,open,0,Сервисы,
Manuel Milani,89,Director,,2017-06-14 21:47:22,manuel-milani,1,publish,http://landing.com/wp-content/uploads/2017/06/team2.jpg,,,1,open,0,Команда,
Черновик,92,,,2017-06-14 21:47:31,,1,auto-draft,,,,1,open,0,,
Jose Greer,93,WebDesigner,,2017-06-14 21:56:45,jose-greer,1,publish,http://landing.com/wp-content/uploads/2017/06/article-2557079-1B65996200000578-297_306x423.jpg,,,1,open,0,Команда,
Jay Cole,96,WebDesigner,,2017-06-14 21:57:41,jay-cole,1,publish,http://landing.com/wp-content/uploads/2017/06/funny_people_faces2_03.jpg,,,1,open,0,Команда,
Finlay Byrne,99,WebDesigner,,2017-06-14 21:58:24,finlay-byrne,1,publish,http://landing.com/wp-content/uploads/2017/06/nathan1.jpg,,,1,open,0,Команда,
Robert Gardner,102,WebDesigner,,2017-06-14 22:00:02,robert-gardner,1,publish,http://landing.com/wp-content/uploads/2017/06/martin-steiner-mitarbeiter-ksa.jpg,,,1,open,0,Команда,
Черновик,107,,,2017-06-14 22:16:27,,1,auto-draft,,,,1,open,0,,
Test products,108,,,2017-06-14 22:17:39,test-products,1,publish,http://landing.com/wp-content/uploads/2017/06/kompiuter-noutbuk-makbuk-mac-book-macbook-pro-naberezhnaia.jpg,,,1,open,0,Продукция,
Test Products,111,,,2017-06-14 22:19:20,test-products-2,1,publish,http://landing.com/wp-content/uploads/2017/06/interer-dizayn-stil-ofis.jpg,,,1,open,0,Продукция,
Test Products,114,,,2017-06-14 22:20:05,test-products-3,1,publish,http://landing.com/wp-content/uploads/2017/06/microsoft-surface-laptop-microsoft-laptop-windows-mouse.jpg,,,1,open,0,Продукция,
Test Products,118,,,2017-06-14 22:21:13,test-products-4,1,publish,http://landing.com/wp-content/uploads/2017/06/kompiuter-noutbuk-makbuk-mac-book-macbook-pro-naberezhnaia.jpg,,,1,open,0,Продукция,
Test Products,120,,,2017-06-14 22:21:32,test-products-5,1,publish,http://landing.com/wp-content/uploads/2017/06/interer-dizayn-stil-ofis.jpg,,,1,open,0,Продукция,
Черновик,122,,,2017-06-14 22:21:37,,1,auto-draft,,,,1,open,0,,
Test Products,123,,,2017-06-14 22:21:51,test-products-6,1,publish,http://landing.com/wp-content/uploads/2017/06/microsoft-surface-laptop-microsoft-laptop-windows-mouse.jpg,,,1,open,0,Продукция,
Test Products,125,,,2017-06-14 22:25:24,test-products-7,1,publish,http://landing.com/wp-content/uploads/2017/06/microsoft-surface-laptop-microsoft-laptop-windows-mouse.jpg,,,1,open,0,Продукция,
Test Products,127,,,2017-06-14 22:25:38,test-products-8,1,publish,http://landing.com/wp-content/uploads/2017/06/kompiuter-noutbuk-makbuk-mac-book-macbook-pro-naberezhnaia.jpg,,,1,open,0,Продукция,
Черновик,129,,,2017-06-14 22:48:33,,1,auto-draft,,,,1,open,0,,
Партнер,130,,,2017-06-14 22:49:58,%d0%bf%d0%b0%d1%80%d1%82%d0%bd%d0%b5%d1%80,1,publish,http://landing.com/wp-content/uploads/2017/06/NBC_logo.svg.png,,,1,open,0,Партнеры,
Партнер,133,,,2017-06-14 22:54:36,%d0%bf%d0%b0%d1%80%d1%82%d0%bd%d0%b5%d1%80-2,1,publish,http://landing.com/wp-content/uploads/2017/06/nike2.png,,,1,open,0,Партнеры,
Партнер,136,,,2017-06-14 22:55:11,%d0%bf%d0%b0%d1%80%d1%82%d0%bd%d0%b5%d1%80-3,1,publish,http://landing.com/wp-content/uploads/2017/06/NBC_logo.svg.png,,,1,open,0,Партнеры,
Партнер,138,,,2017-06-14 22:55:26,%d0%bf%d0%b0%d1%80%d1%82%d0%bd%d0%b5%d1%80-4,1,publish,http://landing.com/wp-content/uploads/2017/06/nike2.png,,,1,open,0,Партнеры,
Партнер,140,,,2017-06-14 22:55:57,%d0%bf%d0%b0%d1%80%d1%82%d0%bd%d0%b5%d1%80-5,1,publish,http://landing.com/wp-content/uploads/2017/06/NBC_logo.svg.png,,,1,open,0,Партнеры,
